{
  "armouryItems": {
    "entries": {
      "golden_axe": 0.1,
      "name_tag": 0.05,
      "shield": 0.1,
      "arrow": 0.05,
      "golden_sword": 0.1,
      "stone_axe": 0.05,
      "bow": 0.1,
      "stone_sword": 0.05
    },
    "defaultItem": "air"
  },
  "storageItems": {
    "entries": {
      "beetroot_seeds": 0.025,
      "wheat_seeds": 0.025,
      "melon_seeds": 0.025,
      "cookie": 0.1,
      "bread": 0.2,
      "potato": 0.2,
      "slime_ball": 0.05,
      "rabbit_foot": 0.01,
      "pumpkin_seeds": 0.025,
      "cake": 0.1,
      "honey_bottle": 0.1
    },
    "defaultItem": "air"
  }
}